{"cameraMode":{"drawMode":0,"name":"Shaded","section":"Shading Mode"},"sceneLighting":true,"audioPlay":false,"sceneViewState":{"showFog":true,"showMaterialUpdate":true,"showSkybox":true,"showFlares":true,"showImageEffects":true,"showParticleSystems":true},"in2DMode":false,"pivot":{"x":165.4705810546875,"y":-11.960204124450684,"z":-167.6019287109375},"rotation":{"x":0.06499101221561432,"y":0.9182363748550415,"z":-0.17222289741039277,"w":0.3511166274547577},"size":38.69813537597656,"orthographic":false}